model,checkpoint,total,toxic_total,nontoxic_total,orig_acc,cf_acc,prediction_consistency,toxic_prob_drop_mean,toxic_prob_drop_rate,toxic_to_nontoxic_flip_rate,nontoxic_prob_increase_mean,nontoxic_prob_increase_rate,nontoxic_to_toxic_flip_rate
full,E:\qxy\code\rgcl_llm\src\log_toxicn_mm\Retrieval\Toxicn_mm\best_model.pt,1200,370,830,0.8241666666666667,0.8175,0.9233333333333333,0.12934122752914257,0.8891891891891892,0.13243243243243244,-0.035980283880272475,0.5373493975903615,0.0012048192771084338
no_cf,E:\qxy\code\rgcl_llm\src\log_toxicn_mm_cf\best_model.pt,1200,370,830,0.8216666666666667,0.8116666666666666,0.9583333333333334,0.009289306275093475,0.6162162162162163,0.002702702702702703,0.12132219665056847,0.9144578313253012,0.03614457831325301
